timestamp,route_id,stop_id,passenger_count,weather,day_of_week,hour,holiday,traffic_level
2026-07-01 00:12:00,R-A1,STOP-009,15,Rainy,2,0,0,Low
2026-07-01 03:32:00,R-170X,STOP-008,34,Clear,2,3,0,Low
2026-07-01 06:30:00,R-29C,STOP-002,38,Clear,2,6,0,Low
2026-07-01 09:15:00,R-D51,STOP-001,136,Rainy,2,9,0,Severe
2026-07-01 12:18:00,R-88K,STOP-009,65,Clear,2,12,0,Low
2026-07-01 15:59:00,R-M70,STOP-008,62,Rainy,2,15,0,Low
2026-07-01 18:40:00,R-70,STOP-002,127,Clear,2,18,0,Severe
2026-07-01 21:38:00,R-M70,STOP-017,26,Sunny,2,21,0,Low
2026-07-02 00:03:00,R-102,STOP-016,36,Clear,3,0,0,Low
2026-07-02 03:37:00,R-25G,STOP-011,40,Rainy,3,3,0,Low
2026-07-02 06:24:00,R-A1,STOP-020,40,Cloudy,3,6,0,Low
2026-07-02 09:14:00,R-570,STOP-007,97,Rainy,3,9,0,Severe
2026-07-02 12:25:00,R-11G,STOP-001,41,Clear,3,12,0,Moderate
2026-07-02 15:37:00,R-18B,STOP-010,43,Cloudy,3,15,0,Moderate
2026-07-02 18:58:00,R-M70,STOP-007,138,Cloudy,3,18,0,Heavy
2026-07-02 21:16:00,R-18B,STOP-006,14,Sunny,3,21,0,Low
2026-07-03 00:54:00,R-570S,STOP-002,19,Clear,4,0,0,Low
2026-07-03 03:14:00,R-70V,STOP-015,18,Clear,4,3,0,Low
2026-07-03 06:23:00,R-47,STOP-001,38,Rainy,4,6,1,Low
2026-07-03 09:41:00,R-570S,STOP-015,116,Cloudy,4,9,0,Severe
2026-07-03 12:24:00,R-29C,STOP-015,51,Clear,4,12,0,Moderate
2026-07-03 15:25:00,R-25G,STOP-005,67,Cloudy,4,15,0,Low
2026-07-03 18:28:00,R-25G,STOP-004,77,Cloudy,4,18,0,Severe
2026-07-03 21:12:00,R-47,STOP-014,21,Sunny,4,21,0,Low
2026-07-04 00:20:00,R-A1,STOP-002,30,Sunny,5,0,1,Low
2026-07-04 03:38:00,R-88K,STOP-006,21,Rainy,5,3,1,Low
2026-07-04 06:06:00,R-12B,STOP-001,37,Cloudy,5,6,1,Low
2026-07-04 09:52:00,R-18B,STOP-013,147,Rainy,5,9,1,Severe
2026-07-04 12:44:00,R-12B,STOP-006,45,Sunny,5,12,1,Moderate
2026-07-04 15:25:00,R-18B,STOP-005,58,Sunny,5,15,1,Moderate
2026-07-04 18:21:00,R-M70,STOP-015,111,Rainy,5,18,1,Severe
2026-07-04 21:45:00,R-12B,STOP-012,32,Sunny,5,21,1,Low
2026-07-05 00:50:00,R-A1,STOP-004,13,Clear,6,0,1,Low
2026-07-05 03:18:00,R-70,STOP-002,13,Clear,6,3,1,Low
2026-07-05 06:43:00,R-102,STOP-005,27,Sunny,6,6,1,Low
2026-07-05 09:28:00,R-12B,STOP-005,96,Rainy,6,9,1,Severe
2026-07-05 12:43:00,R-170X,STOP-003,70,Sunny,6,12,1,Low
2026-07-05 15:08:00,R-A1,STOP-011,57,Sunny,6,15,1,Low
2026-07-05 18:34:00,R-47,STOP-003,120,Rainy,6,18,1,Severe
2026-07-05 21:01:00,R-88K,STOP-005,21,Rainy,6,21,1,Low
2026-07-06 00:09:00,R-570,STOP-014,24,Clear,0,0,1,Low
2026-07-06 03:16:00,R-170X,STOP-009,50,Rainy,0,3,0,Low
2026-07-06 06:46:00,R-45B,STOP-010,16,Cloudy,0,6,0,Low
2026-07-06 09:13:00,R-70,STOP-003,98,Sunny,0,9,0,Severe
2026-07-06 12:28:00,R-A1,STOP-018,66,Cloudy,0,12,0,Moderate
2026-07-06 15:14:00,R-570S,STOP-010,60,Rainy,0,15,0,Moderate
2026-07-06 18:36:00,R-27B,STOP-009,108,Rainy,0,18,0,Heavy
2026-07-06 21:23:00,R-A1,STOP-004,30,Cloudy,0,21,0,Low
2026-07-07 00:19:00,R-88K,STOP-003,25,Sunny,1,0,0,Low
2026-07-07 03:04:00,R-45B,STOP-015,35,Clear,1,3,0,Low
2026-07-07 06:11:00,R-M70,STOP-001,40,Sunny,1,6,0,Low
2026-07-07 09:47:00,R-70V,STOP-005,172,Rainy,1,9,0,Severe
2026-07-07 12:27:00,R-18B,STOP-003,37,Sunny,1,12,0,Low
2026-07-07 15:29:00,R-5B,STOP-009,67,Cloudy,1,15,0,Low
2026-07-07 18:02:00,R-70,STOP-003,170,Rainy,1,18,0,Severe
2026-07-07 21:30:00,R-A1,STOP-016,15,Sunny,1,21,0,Low
2026-07-08 00:36:00,R-102,STOP-015,37,Cloudy,2,0,0,Low
2026-07-08 03:30:00,R-25G,STOP-006,29,Cloudy,2,3,1,Low
2026-07-08 06:52:00,R-5B,STOP-019,28,Cloudy,2,6,0,Low
2026-07-08 09:18:00,R-102,STOP-018,103,Cloudy,2,9,0,Heavy
2026-07-08 12:35:00,R-570,STOP-015,48,Cloudy,2,12,0,Low
2026-07-08 15:30:00,R-47,STOP-020,37,Clear,2,15,0,Low
2026-07-08 18:16:00,R-12B,STOP-014,106,Cloudy,2,18,0,Severe
2026-07-08 21:05:00,R-D51,STOP-017,50,Rainy,2,21,0,Low
2026-07-09 00:27:00,R-70,STOP-006,15,Clear,3,0,0,Low
2026-07-09 03:27:00,R-12B,STOP-006,29,Sunny,3,3,0,Low
2026-07-09 06:17:00,R-25G,STOP-019,39,Cloudy,3,6,0,Low
2026-07-09 09:36:00,R-11G,STOP-012,77,Clear,3,9,0,Severe
2026-07-09 12:27:00,R-45B,STOP-004,46,Cloudy,3,12,0,Moderate
2026-07-09 15:46:00,R-D51,STOP-011,55,Clear,3,15,0,Low
2026-07-09 18:30:00,R-102,STOP-019,126,Sunny,3,18,1,Heavy
2026-07-09 21:52:00,R-11G,STOP-008,14,Clear,3,21,0,Low
2026-07-10 00:15:00,R-18B,STOP-013,40,Rainy,4,0,0,Low
2026-07-10 03:04:00,R-25G,STOP-015,30,Rainy,4,3,0,Low
2026-07-10 06:59:00,R-45B,STOP-001,17,Clear,4,6,0,Low
2026-07-10 09:57:00,R-70,STOP-015,91,Cloudy,4,9,0,Heavy
2026-07-10 12:28:00,R-29C,STOP-006,61,Clear,4,12,0,Low
2026-07-10 15:36:00,R-21G,STOP-018,57,Clear,4,15,0,Moderate
2026-07-10 18:07:00,R-88K,STOP-019,132,Clear,4,18,0,Severe
2026-07-10 21:49:00,R-70,STOP-017,40,Cloudy,4,21,0,Low
2026-07-11 00:45:00,R-47,STOP-006,37,Clear,5,0,1,Low
2026-07-11 03:34:00,R-M70,STOP-018,47,Rainy,5,3,1,Low
2026-07-11 06:32:00,R-5B,STOP-016,13,Rainy,5,6,1,Low
2026-07-11 09:07:00,R-570S,STOP-011,94,Sunny,5,9,1,Heavy
2026-07-11 12:27:00,R-A1,STOP-011,40,Cloudy,5,12,1,Low
2026-07-11 15:55:00,R-88K,STOP-010,39,Cloudy,5,15,1,Low
2026-07-11 18:43:00,R-25G,STOP-019,108,Rainy,5,18,1,Severe
2026-07-11 21:45:00,R-170X,STOP-012,32,Cloudy,5,21,1,Low
2026-07-12 00:07:00,R-21G,STOP-014,48,Rainy,6,0,1,Low
2026-07-12 03:28:00,R-102,STOP-012,25,Rainy,6,3,1,Low
2026-07-12 06:51:00,R-102,STOP-007,31,Rainy,6,6,1,Low
2026-07-12 09:48:00,R-45B,STOP-010,119,Clear,6,9,1,Severe
2026-07-12 12:04:00,R-D51,STOP-008,67,Rainy,6,12,1,Low
2026-07-12 15:25:00,R-12B,STOP-007,62,Cloudy,6,15,1,Moderate
2026-07-12 18:32:00,R-27B,STOP-016,104,Clear,6,18,1,Heavy
2026-07-12 21:51:00,R-88K,STOP-008,29,Sunny,6,21,1,Low
2026-07-13 00:55:00,R-45B,STOP-016,21,Rainy,0,0,0,Low
2026-07-13 03:44:00,R-47,STOP-007,18,Rainy,0,3,0,Low
2026-07-13 06:33:00,R-11G,STOP-020,41,Rainy,0,6,0,Low
2026-07-13 09:44:00,R-M70,STOP-019,135,Rainy,0,9,0,Severe
2026-07-13 12:53:00,R-570,STOP-020,67,Sunny,0,12,0,Moderate
2026-07-13 15:28:00,R-88K,STOP-004,65,Cloudy,0,15,0,Low
2026-07-13 18:39:00,R-70,STOP-005,96,Clear,0,18,0,Heavy
2026-07-13 21:23:00,R-5B,STOP-004,35,Rainy,0,21,0,Low
2026-07-14 00:38:00,R-21G,STOP-012,26,Rainy,1,0,0,Low
2026-07-14 03:13:00,R-570S,STOP-007,30,Sunny,1,3,0,Low
2026-07-14 06:35:00,R-29C,STOP-010,26,Rainy,1,6,0,Low
2026-07-14 09:44:00,R-5B,STOP-006,95,Cloudy,1,9,0,Severe
2026-07-14 12:53:00,R-21G,STOP-013,58,Sunny,1,12,0,Low
2026-07-14 15:01:00,R-5B,STOP-004,59,Sunny,1,15,0,Low
2026-07-14 18:31:00,R-27B,STOP-007,86,Cloudy,1,18,0,Heavy
2026-07-14 21:42:00,R-D51,STOP-011,32,Clear,1,21,1,Low
2026-07-15 00:56:00,R-570,STOP-020,30,Cloudy,2,0,0,Low
2026-07-15 03:50:00,R-570,STOP-017,50,Rainy,2,3,0,Low
2026-07-15 06:37:00,R-21G,STOP-017,13,Rainy,2,6,0,Low
2026-07-15 09:31:00,R-570,STOP-014,95,Clear,2,9,0,Heavy
2026-07-15 12:15:00,R-M70,STOP-020,65,Clear,2,12,0,Moderate
2026-07-15 15:04:00,R-47,STOP-018,41,Cloudy,2,15,0,Moderate
2026-07-15 18:21:00,R-170X,STOP-003,123,Clear,2,18,0,Severe
2026-07-15 21:05:00,R-47,STOP-012,36,Sunny,2,21,0,Low
2026-07-16 00:36:00,R-12B,STOP-006,26,Clear,3,0,0,Low
2026-07-16 03:18:00,R-570S,STOP-001,38,Clear,3,3,0,Low
2026-07-16 06:29:00,R-5B,STOP-011,17,Rainy,3,6,0,Low
2026-07-16 09:49:00,R-45B,STOP-014,132,Clear,3,9,0,Severe
2026-07-16 12:55:00,R-45B,STOP-010,60,Cloudy,3,12,0,Low
2026-07-16 15:37:00,R-25G,STOP-008,65,Sunny,3,15,0,Moderate
2026-07-16 18:46:00,R-21G,STOP-002,128,Sunny,3,18,0,Heavy
2026-07-16 21:55:00,R-170X,STOP-008,30,Rainy,3,21,0,Low
2026-07-17 00:36:00,R-M70,STOP-008,38,Sunny,4,0,0,Low
2026-07-17 03:21:00,R-M70,STOP-016,30,Cloudy,4,3,0,Low
2026-07-17 06:28:00,R-70V,STOP-016,20,Rainy,4,6,0,Low
2026-07-17 09:39:00,R-170X,STOP-020,117,Rainy,4,9,0,Severe
2026-07-17 12:51:00,R-5B,STOP-013,67,Clear,4,12,0,Moderate
2026-07-17 15:50:00,R-12B,STOP-001,82,Rainy,4,15,0,Moderate
2026-07-17 18:15:00,R-102,STOP-015,170,Rainy,4,18,0,Severe
2026-07-17 21:02:00,R-M70,STOP-010,17,Sunny,4,21,0,Low
2026-07-18 00:29:00,R-21G,STOP-016,13,Rainy,5,0,1,Low
2026-07-18 03:00:00,R-27B,STOP-019,22,Cloudy,5,3,1,Low
2026-07-18 06:38:00,R-45B,STOP-010,31,Cloudy,5,6,1,Low
2026-07-18 09:52:00,R-45B,STOP-002,131,Cloudy,5,9,1,Heavy
2026-07-18 12:27:00,R-12B,STOP-011,76,Rainy,5,12,1,Moderate
2026-07-18 15:02:00,R-70V,STOP-016,50,Clear,5,15,1,Low
2026-07-18 18:35:00,R-21G,STOP-003,131,Clear,5,18,1,Heavy
2026-07-18 21:08:00,R-70,STOP-016,27,Sunny,5,21,1,Low
2026-07-19 00:12:00,R-21G,STOP-004,40,Cloudy,6,0,1,Low
2026-07-19 03:18:00,R-25G,STOP-020,37,Sunny,6,3,1,Low
2026-07-19 06:58:00,R-D51,STOP-010,13,Cloudy,6,6,1,Low
2026-07-19 09:22:00,R-102,STOP-006,107,Cloudy,6,9,1,Heavy
2026-07-19 12:33:00,R-47,STOP-016,45,Sunny,6,12,1,Moderate
2026-07-19 15:55:00,R-5B,STOP-004,45,Cloudy,6,15,1,Moderate
2026-07-19 18:11:00,R-21G,STOP-019,110,Sunny,6,18,1,Heavy
2026-07-19 21:55:00,R-27B,STOP-017,14,Sunny,6,21,1,Low
2026-07-20 00:05:00,R-102,STOP-019,27,Clear,0,0,0,Low
2026-07-20 03:29:00,R-70V,STOP-014,16,Cloudy,0,3,0,Low
2026-07-20 06:30:00,R-M70,STOP-009,13,Rainy,0,6,0,Low
2026-07-20 09:47:00,R-570,STOP-016,129,Cloudy,0,9,0,Heavy
2026-07-20 12:28:00,R-88K,STOP-009,61,Cloudy,0,12,0,Low
2026-07-20 15:26:00,R-570,STOP-014,35,Cloudy,0,15,0,Moderate
2026-07-20 18:47:00,R-D51,STOP-006,83,Clear,0,18,0,Severe
2026-07-20 21:20:00,R-88K,STOP-017,43,Rainy,0,21,0,Low
2026-07-21 00:19:00,R-102,STOP-009,21,Sunny,1,0,0,Low
2026-07-21 03:22:00,R-5B,STOP-003,30,Rainy,1,3,0,Low
2026-07-21 06:41:00,R-M70,STOP-007,18,Clear,1,6,0,Low
2026-07-21 09:06:00,R-25G,STOP-013,132,Cloudy,1,9,0,Heavy
2026-07-21 12:10:00,R-27B,STOP-012,43,Sunny,1,12,0,Low
2026-07-21 15:51:00,R-70V,STOP-003,78,Rainy,1,15,0,Low
2026-07-21 18:36:00,R-570,STOP-007,101,Cloudy,1,18,0,Heavy
2026-07-21 21:08:00,R-D51,STOP-018,50,Rainy,1,21,0,Low
2026-07-22 00:25:00,R-570S,STOP-004,25,Sunny,2,0,0,Low
2026-07-22 03:49:00,R-12B,STOP-018,21,Cloudy,2,3,0,Low
2026-07-22 06:21:00,R-70,STOP-018,15,Cloudy,2,6,0,Low
2026-07-22 09:15:00,R-47,STOP-001,140,Cloudy,2,9,0,Severe
2026-07-22 12:57:00,R-570,STOP-014,78,Rainy,2,12,0,Low
2026-07-22 15:49:00,R-5B,STOP-007,61,Sunny,2,15,0,Moderate
2026-07-22 18:00:00,R-11G,STOP-011,123,Sunny,2,18,0,Heavy
2026-07-22 21:09:00,R-18B,STOP-019,15,Rainy,2,21,0,Low
2026-07-23 00:03:00,R-12B,STOP-017,36,Sunny,3,0,0,Low
2026-07-23 03:25:00,R-11G,STOP-007,26,Clear,3,3,0,Low
2026-07-23 06:08:00,R-47,STOP-006,29,Sunny,3,6,0,Low
2026-07-23 09:45:00,R-11G,STOP-018,95,Sunny,3,9,0,Severe
2026-07-23 12:15:00,R-170X,STOP-012,57,Cloudy,3,12,0,Low
2026-07-23 15:49:00,R-25G,STOP-006,42,Clear,3,15,0,Low
2026-07-23 18:39:00,R-12B,STOP-019,123,Rainy,3,18,0,Heavy
2026-07-23 21:28:00,R-18B,STOP-002,20,Cloudy,3,21,0,Low
2026-07-24 00:24:00,R-45B,STOP-016,14,Cloudy,4,0,0,Low
2026-07-24 03:04:00,R-29C,STOP-016,23,Sunny,4,3,0,Low
2026-07-24 06:18:00,R-A1,STOP-008,35,Rainy,4,6,0,Low
2026-07-24 09:58:00,R-570,STOP-018,87,Clear,4,9,0,Severe
2026-07-24 12:46:00,R-M70,STOP-011,48,Rainy,4,12,0,Low
2026-07-24 15:34:00,R-25G,STOP-002,85,Rainy,4,15,0,Low
2026-07-24 18:56:00,R-M70,STOP-015,116,Rainy,4,18,0,Heavy
2026-07-24 21:57:00,R-102,STOP-016,26,Cloudy,4,21,0,Low
2026-07-25 00:17:00,R-12B,STOP-020,34,Cloudy,5,0,1,Low
2026-07-25 03:58:00,R-11G,STOP-001,27,Rainy,5,3,1,Low
2026-07-25 06:15:00,R-45B,STOP-007,39,Cloudy,5,6,1,Low
2026-07-25 09:16:00,R-70V,STOP-011,145,Rainy,5,9,1,Severe
2026-07-25 12:00:00,R-21G,STOP-003,37,Sunny,5,12,1,Moderate
2026-07-25 15:02:00,R-11G,STOP-002,63,Rainy,5,15,1,Moderate
2026-07-25 18:24:00,R-D51,STOP-019,124,Cloudy,5,18,1,Severe
2026-07-25 21:57:00,R-29C,STOP-016,25,Rainy,5,21,1,Low
2026-07-26 00:06:00,R-11G,STOP-013,14,Sunny,6,0,1,Low
2026-07-26 03:00:00,R-11G,STOP-005,16,Cloudy,6,3,1,Low
2026-07-26 06:54:00,R-A1,STOP-004,30,Cloudy,6,6,1,Low
2026-07-26 09:10:00,R-M70,STOP-001,80,Clear,6,9,1,Severe
2026-07-26 12:08:00,R-18B,STOP-002,58,Cloudy,6,12,1,Moderate
2026-07-26 15:01:00,R-27B,STOP-002,36,Clear,6,15,1,Moderate
2026-07-26 18:02:00,R-88K,STOP-005,103,Cloudy,6,18,1,Heavy
2026-07-26 21:16:00,R-570S,STOP-001,30,Sunny,6,21,1,Low
2026-07-27 00:54:00,R-570S,STOP-002,35,Rainy,0,0,0,Low
2026-07-27 03:48:00,R-570,STOP-006,21,Sunny,0,3,0,Low
2026-07-27 06:29:00,R-12B,STOP-001,35,Rainy,0,6,0,Low
2026-07-27 09:21:00,R-21G,STOP-002,81,Sunny,0,9,0,Heavy
2026-07-27 12:19:00,R-27B,STOP-009,36,Sunny,0,12,0,Moderate
2026-07-27 15:39:00,R-170X,STOP-002,52,Sunny,0,15,0,Moderate
2026-07-27 18:22:00,R-570,STOP-007,143,Rainy,0,18,0,Heavy
2026-07-27 21:08:00,R-88K,STOP-001,23,Cloudy,0,21,0,Low
2026-07-28 00:45:00,R-5B,STOP-011,26,Sunny,1,0,0,Low
2026-07-28 03:25:00,R-45B,STOP-001,39,Sunny,1,3,0,Low
2026-07-28 06:33:00,R-18B,STOP-009,40,Rainy,1,6,0,Low
2026-07-28 09:09:00,R-M70,STOP-006,140,Clear,1,9,0,Heavy
2026-07-28 12:37:00,R-570,STOP-014,45,Cloudy,1,12,0,Moderate
2026-07-28 15:54:00,R-29C,STOP-017,51,Rainy,1,15,0,Moderate
2026-07-28 18:04:00,R-25G,STOP-015,77,Clear,1,18,0,Severe
2026-07-28 21:48:00,R-170X,STOP-020,10,Clear,1,21,0,Low
2026-07-29 00:29:00,R-5B,STOP-016,21,Rainy,2,0,0,Low
2026-07-29 03:10:00,R-M70,STOP-019,21,Clear,2,3,0,Low
2026-07-29 06:14:00,R-102,STOP-020,24,Sunny,2,6,0,Low
2026-07-29 09:21:00,R-570S,STOP-008,77,Sunny,2,9,0,Severe
2026-07-29 12:56:00,R-102,STOP-016,45,Sunny,2,12,1,Moderate
2026-07-29 15:05:00,R-D51,STOP-006,43,Rainy,2,15,0,Moderate
2026-07-29 18:27:00,R-570,STOP-008,93,Clear,2,18,0,Heavy
2026-07-29 21:49:00,R-70,STOP-016,40,Rainy,2,21,0,Low
2026-07-30 00:16:00,R-A1,STOP-016,16,Sunny,3,0,0,Low
2026-07-30 03:23:00,R-47,STOP-002,41,Rainy,3,3,0,Low
2026-07-30 06:05:00,R-12B,STOP-020,29,Cloudy,3,6,0,Low
2026-07-30 09:53:00,R-A1,STOP-006,104,Sunny,3,9,0,Heavy
2026-07-30 12:53:00,R-45B,STOP-006,86,Rainy,3,12,0,Low
2026-07-30 15:55:00,R-47,STOP-020,48,Cloudy,3,15,0,Low
2026-07-30 18:45:00,R-102,STOP-005,126,Clear,3,18,0,Heavy
2026-07-30 21:57:00,R-47,STOP-010,43,Rainy,3,21,0,Low
2026-07-31 00:54:00,R-29C,STOP-017,17,Rainy,4,0,0,Low
2026-07-31 03:45:00,R-11G,STOP-004,32,Cloudy,4,3,0,Low
2026-07-31 06:59:00,R-170X,STOP-006,23,Rainy,4,6,0,Low
2026-07-31 09:02:00,R-45B,STOP-010,98,Clear,4,9,0,Severe
2026-07-31 12:19:00,R-11G,STOP-018,56,Cloudy,4,12,0,Moderate
2026-07-31 15:39:00,R-45B,STOP-019,49,Cloudy,4,15,0,Low
2026-07-31 18:09:00,R-21G,STOP-003,77,Cloudy,4,18,0,Heavy
2026-07-31 21:44:00,R-11G,STOP-012,10,Sunny,4,21,0,Low
2026-08-01 00:25:00,R-570,STOP-016,17,Clear,5,0,1,Low
2026-08-01 03:05:00,R-A1,STOP-011,10,Cloudy,5,3,1,Low
2026-08-01 06:06:00,R-102,STOP-011,40,Cloudy,5,6,1,Low
2026-08-01 09:08:00,R-70V,STOP-004,132,Cloudy,5,9,1,Heavy
2026-08-01 12:18:00,R-88K,STOP-012,50,Cloudy,5,12,1,Moderate
2026-08-01 15:15:00,R-A1,STOP-019,65,Rainy,5,15,1,Low
2026-08-01 18:24:00,R-47,STOP-016,152,Rainy,5,18,1,Heavy
2026-08-01 21:21:00,R-18B,STOP-006,26,Rainy,5,21,1,Low
2026-08-02 00:54:00,R-A1,STOP-008,32,Cloudy,6,0,1,Low
2026-08-02 03:12:00,R-570S,STOP-007,23,Sunny,6,3,1,Low
2026-08-02 06:57:00,R-27B,STOP-015,26,Cloudy,6,6,1,Low
2026-08-02 09:34:00,R-47,STOP-020,127,Rainy,6,9,1,Heavy
2026-08-02 12:20:00,R-47,STOP-005,43,Clear,6,12,1,Moderate
2026-08-02 15:44:00,R-5B,STOP-009,42,Cloudy,6,15,1,Low
2026-08-02 18:50:00,R-11G,STOP-008,162,Rainy,6,18,1,Severe
2026-08-02 21:19:00,R-70V,STOP-009,32,Cloudy,6,21,1,Low
2026-08-03 00:37:00,R-570,STOP-018,10,Cloudy,0,0,0,Low
2026-08-03 03:45:00,R-27B,STOP-008,29,Cloudy,0,3,0,Low
2026-08-03 06:39:00,R-170X,STOP-001,10,Sunny,0,6,0,Low
2026-08-03 09:47:00,R-12B,STOP-016,102,Sunny,0,9,0,Heavy
2026-08-03 12:23:00,R-25G,STOP-006,35,Cloudy,0,12,0,Moderate
2026-08-03 15:42:00,R-21G,STOP-018,60,Cloudy,0,15,1,Low
2026-08-03 18:24:00,R-47,STOP-019,112,Sunny,0,18,0,Heavy
2026-08-03 21:33:00,R-45B,STOP-017,33,Cloudy,0,21,0,Low
2026-08-04 00:04:00,R-570S,STOP-008,42,Rainy,1,0,0,Low
2026-08-04 03:23:00,R-18B,STOP-004,10,Cloudy,1,3,0,Low
2026-08-04 06:20:00,R-570,STOP-016,23,Clear,1,6,0,Low
2026-08-04 09:08:00,R-25G,STOP-013,110,Cloudy,1,9,0,Severe
2026-08-04 12:22:00,R-47,STOP-016,43,Cloudy,1,12,0,Moderate
2026-08-04 15:10:00,R-A1,STOP-001,43,Clear,1,15,0,Low
2026-08-04 18:50:00,R-29C,STOP-012,138,Rainy,1,18,0,Heavy
2026-08-04 21:51:00,R-18B,STOP-012,50,Rainy,1,21,0,Low
2026-08-05 00:03:00,R-A1,STOP-017,40,Clear,2,0,0,Low
2026-08-05 03:38:00,R-27B,STOP-003,40,Rainy,2,3,0,Low
2026-08-05 06:34:00,R-27B,STOP-015,39,Clear,2,6,0,Low
2026-08-05 09:30:00,R-5B,STOP-006,112,Clear,2,9,0,Heavy
2026-08-05 12:34:00,R-570,STOP-010,65,Rainy,2,12,0,Low
2026-08-05 15:13:00,R-102,STOP-004,58,Sunny,2,15,0,Low
2026-08-05 18:56:00,R-29C,STOP-017,117,Sunny,2,18,0,Severe
2026-08-05 21:29:00,R-47,STOP-016,11,Clear,2,21,0,Low
2026-08-06 00:40:00,R-27B,STOP-016,18,Clear,3,0,0,Low
2026-08-06 03:03:00,R-12B,STOP-009,25,Sunny,3,3,0,Low
2026-08-06 06:38:00,R-88K,STOP-007,21,Clear,3,6,0,Low
2026-08-06 09:48:00,R-29C,STOP-002,107,Cloudy,3,9,0,Severe
2026-08-06 12:52:00,R-5B,STOP-006,67,Clear,3,12,0,Moderate
2026-08-06 15:29:00,R-5B,STOP-002,63,Cloudy,3,15,0,Moderate
2026-08-06 18:40:00,R-25G,STOP-017,118,Clear,3,18,0,Heavy
2026-08-06 21:23:00,R-25G,STOP-007,15,Sunny,3,21,0,Low
2026-08-07 00:48:00,R-170X,STOP-002,32,Cloudy,4,0,0,Low
2026-08-07 03:28:00,R-29C,STOP-008,17,Clear,4,3,0,Low
2026-08-07 06:19:00,R-5B,STOP-002,40,Cloudy,4,6,0,Low
2026-08-07 09:09:00,R-88K,STOP-003,118,Cloudy,4,9,0,Heavy
2026-08-07 12:35:00,R-45B,STOP-005,38,Clear,4,12,0,Low
2026-08-07 15:55:00,R-A1,STOP-015,50,Rainy,4,15,0,Moderate
2026-08-07 18:22:00,R-570,STOP-010,138,Rainy,4,18,0,Severe
2026-08-07 21:37:00,R-11G,STOP-017,28,Cloudy,4,21,0,Low
2026-08-08 00:19:00,R-D51,STOP-014,19,Sunny,5,0,1,Low
2026-08-08 03:55:00,R-12B,STOP-015,31,Cloudy,5,3,1,Low
2026-08-08 06:00:00,R-570,STOP-005,29,Cloudy,5,6,1,Low
2026-08-08 09:42:00,R-102,STOP-016,150,Rainy,5,9,1,Heavy
2026-08-08 12:31:00,R-88K,STOP-016,59,Cloudy,5,12,1,Moderate
2026-08-08 15:13:00,R-27B,STOP-003,46,Clear,5,15,1,Moderate
2026-08-08 18:04:00,R-102,STOP-017,116,Rainy,5,18,1,Severe
2026-08-08 21:29:00,R-21G,STOP-019,32,Cloudy,5,21,1,Low
2026-08-09 00:22:00,R-27B,STOP-014,25,Rainy,6,0,1,Low
2026-08-09 03:09:00,R-570,STOP-010,28,Rainy,6,3,1,Low
2026-08-09 06:18:00,R-11G,STOP-019,12,Rainy,6,6,1,Low
2026-08-09 09:22:00,R-102,STOP-018,99,Clear,6,9,1,Severe
2026-08-09 12:58:00,R-11G,STOP-005,44,Clear,6,12,1,Moderate
2026-08-09 15:02:00,R-102,STOP-008,36,Sunny,6,15,1,Low
2026-08-09 18:41:00,R-5B,STOP-009,170,Rainy,6,18,1,Heavy
2026-08-09 21:14:00,R-70,STOP-011,11,Clear,6,21,1,Low
2026-08-10 00:31:00,R-570,STOP-015,19,Cloudy,0,0,0,Low
2026-08-10 03:13:00,R-102,STOP-007,28,Rainy,0,3,0,Low
2026-08-10 06:44:00,R-170X,STOP-002,41,Rainy,0,6,0,Low
2026-08-10 09:33:00,R-27B,STOP-005,98,Cloudy,0,9,0,Severe
2026-08-10 12:27:00,R-88K,STOP-014,40,Sunny,0,12,0,Low
2026-08-10 15:11:00,R-170X,STOP-004,59,Clear,0,15,0,Moderate
2026-08-10 18:27:00,R-5B,STOP-018,105,Sunny,0,18,0,Heavy
2026-08-10 21:43:00,R-5B,STOP-002,15,Clear,0,21,0,Low
2026-08-11 00:45:00,R-102,STOP-019,16,Sunny,1,0,0,Low
2026-08-11 03:12:00,R-M70,STOP-012,23,Sunny,1,3,0,Low
2026-08-11 06:52:00,R-D51,STOP-020,30,Cloudy,1,6,0,Low
2026-08-11 09:00:00,R-27B,STOP-016,139,Clear,1,9,0,Heavy
2026-08-11 12:45:00,R-570S,STOP-011,60,Cloudy,1,12,0,Moderate
2026-08-11 15:51:00,R-18B,STOP-002,68,Clear,1,15,0,Moderate
2026-08-11 18:42:00,R-570,STOP-006,130,Cloudy,1,18,0,Heavy
2026-08-11 21:18:00,R-88K,STOP-004,38,Sunny,1,21,0,Low
2026-08-12 00:51:00,R-570S,STOP-007,30,Cloudy,2,0,0,Low
2026-08-12 03:08:00,R-11G,STOP-019,28,Cloudy,2,3,0,Low
2026-08-12 06:10:00,R-570,STOP-011,42,Rainy,2,6,0,Low
2026-08-12 09:48:00,R-12B,STOP-006,136,Cloudy,2,9,0,Severe
2026-08-12 12:18:00,R-47,STOP-002,64,Clear,2,12,0,Low
2026-08-12 15:54:00,R-170X,STOP-002,37,Cloudy,2,15,0,Low
2026-08-12 18:43:00,R-21G,STOP-008,95,Sunny,2,18,0,Heavy
2026-08-12 21:23:00,R-45B,STOP-009,27,Clear,2,21,1,Low
2026-08-13 00:43:00,R-M70,STOP-003,50,Rainy,3,0,1,Low
2026-08-13 03:26:00,R-88K,STOP-003,17,Clear,3,3,0,Low
2026-08-13 06:49:00,R-A1,STOP-013,35,Clear,3,6,0,Low
2026-08-13 09:02:00,R-45B,STOP-019,136,Cloudy,3,9,0,Severe
2026-08-13 12:12:00,R-45B,STOP-001,39,Clear,3,12,0,Moderate
2026-08-13 15:38:00,R-29C,STOP-018,69,Cloudy,3,15,0,Moderate
2026-08-13 18:45:00,R-21G,STOP-015,99,Sunny,3,18,0,Severe
2026-08-13 21:37:00,R-88K,STOP-008,19,Clear,3,21,0,Low
2026-08-14 00:59:00,R-570S,STOP-018,28,Clear,4,0,0,Low
2026-08-14 03:27:00,R-570S,STOP-020,32,Cloudy,4,3,0,Low
2026-08-14 06:12:00,R-11G,STOP-015,38,Rainy,4,6,0,Low
2026-08-14 09:17:00,R-570,STOP-002,98,Cloudy,4,9,0,Severe
2026-08-14 12:42:00,R-D51,STOP-012,51,Rainy,4,12,0,Low
2026-08-14 15:04:00,R-29C,STOP-010,52,Cloudy,4,15,0,Low
2026-08-14 18:29:00,R-27B,STOP-001,99,Sunny,4,18,0,Heavy
2026-08-14 21:12:00,R-70,STOP-003,20,Rainy,4,21,0,Low
2026-08-15 00:01:00,R-102,STOP-012,14,Cloudy,5,0,1,Low
2026-08-15 03:26:00,R-70V,STOP-017,36,Sunny,5,3,1,Low
2026-08-15 06:37:00,R-170X,STOP-013,18,Rainy,5,6,1,Low
2026-08-15 09:38:00,R-70V,STOP-002,135,Clear,5,9,1,Heavy
2026-08-15 12:02:00,R-5B,STOP-010,45,Clear,5,12,1,Moderate
2026-08-15 15:35:00,R-170X,STOP-003,68,Rainy,5,15,1,Low
2026-08-15 18:03:00,R-570,STOP-005,77,Clear,5,18,1,Heavy
2026-08-15 21:24:00,R-570,STOP-005,37,Sunny,5,21,1,Low
2026-08-16 00:20:00,R-570,STOP-014,19,Clear,6,0,1,Low
2026-08-16 03:58:00,R-21G,STOP-002,12,Rainy,6,3,1,Low
2026-08-16 06:17:00,R-45B,STOP-016,34,Sunny,6,6,1,Low
2026-08-16 09:28:00,R-5B,STOP-006,115,Cloudy,6,9,1,Heavy
2026-08-16 12:31:00,R-88K,STOP-012,60,Rainy,6,12,1,Low
2026-08-16 15:35:00,R-D51,STOP-005,44,Sunny,6,15,1,Low
2026-08-16 18:44:00,R-570,STOP-009,153,Rainy,6,18,1,Severe
2026-08-16 21:33:00,R-70,STOP-018,12,Rainy,6,21,1,Low
2026-08-17 00:40:00,R-D51,STOP-012,14,Cloudy,0,0,1,Low
2026-08-17 03:58:00,R-170X,STOP-004,18,Clear,0,3,0,Low
2026-08-17 06:56:00,R-12B,STOP-003,30,Clear,0,6,0,Low
2026-08-17 09:35:00,R-D51,STOP-011,172,Rainy,0,9,0,Severe
2026-08-17 12:31:00,R-570,STOP-004,52,Sunny,0,12,0,Moderate
2026-08-17 15:09:00,R-5B,STOP-009,40,Cloudy,0,15,0,Low
2026-08-17 18:24:00,R-D51,STOP-019,86,Cloudy,0,18,0,Severe
2026-08-17 21:43:00,R-21G,STOP-001,27,Sunny,0,21,0,Low
2026-08-18 00:58:00,R-18B,STOP-002,12,Clear,1,0,0,Low
2026-08-18 03:49:00,R-18B,STOP-019,19,Cloudy,1,3,0,Low
2026-08-18 06:06:00,R-25G,STOP-004,26,Clear,1,6,0,Low
2026-08-18 09:46:00,R-29C,STOP-002,95,Sunny,1,9,0,Heavy
2026-08-18 12:48:00,R-570,STOP-012,61,Clear,1,12,0,Moderate
2026-08-18 15:09:00,R-25G,STOP-015,76,Rainy,1,15,1,Low
2026-08-18 18:55:00,R-5B,STOP-014,132,Clear,1,18,0,Heavy
2026-08-18 21:04:00,R-M70,STOP-005,36,Sunny,1,21,0,Low
2026-08-19 00:43:00,R-5B,STOP-009,20,Cloudy,2,0,0,Low
2026-08-19 03:00:00,R-570,STOP-017,38,Clear,2,3,0,Low
2026-08-19 06:27:00,R-A1,STOP-013,32,Rainy,2,6,0,Low
2026-08-19 09:19:00,R-29C,STOP-001,124,Clear,2,9,0,Heavy
2026-08-19 12:23:00,R-11G,STOP-011,81,Rainy,2,12,0,Moderate
2026-08-19 15:56:00,R-88K,STOP-017,51,Clear,2,15,0,Moderate
2026-08-19 18:25:00,R-21G,STOP-002,122,Clear,2,18,0,Heavy
2026-08-19 21:45:00,R-11G,STOP-005,42,Rainy,2,21,0,Low
2026-08-20 00:49:00,R-18B,STOP-004,34,Sunny,3,0,0,Low
2026-08-20 03:16:00,R-70,STOP-019,30,Cloudy,3,3,0,Low
2026-08-20 06:11:00,R-29C,STOP-003,12,Clear,3,6,0,Low
2026-08-20 09:08:00,R-70,STOP-017,133,Sunny,3,9,0,Severe
2026-08-20 12:16:00,R-570,STOP-014,70,Cloudy,3,12,0,Moderate
2026-08-20 15:54:00,R-25G,STOP-019,47,Rainy,3,15,0,Low
2026-08-20 18:15:00,R-M70,STOP-015,90,Cloudy,3,18,0,Heavy
2026-08-20 21:13:00,R-70V,STOP-005,10,Clear,3,21,0,Low
2026-08-21 00:52:00,R-70,STOP-010,34,Sunny,4,0,0,Low
2026-08-21 03:46:00,R-70V,STOP-012,37,Sunny,4,3,0,Low
2026-08-21 06:17:00,R-570,STOP-001,15,Cloudy,4,6,0,Low
2026-08-21 09:05:00,R-170X,STOP-007,155,Rainy,4,9,0,Heavy
2026-08-21 12:08:00,R-45B,STOP-012,56,Sunny,4,12,0,Low
2026-08-21 15:32:00,R-170X,STOP-007,39,Sunny,4,15,0,Moderate
2026-08-21 18:31:00,R-18B,STOP-009,117,Sunny,4,18,0,Heavy
2026-08-21 21:18:00,R-25G,STOP-013,10,Clear,4,21,0,Low
2026-08-22 00:19:00,R-5B,STOP-018,37,Rainy,5,0,1,Low
2026-08-22 03:31:00,R-12B,STOP-006,30,Cloudy,5,3,1,Low
2026-08-22 06:15:00,R-70,STOP-017,34,Clear,5,6,1,Low
2026-08-22 09:47:00,R-25G,STOP-013,131,Clear,5,9,1,Severe
2026-08-22 12:53:00,R-5B,STOP-005,42,Cloudy,5,12,1,Moderate
2026-08-22 15:06:00,R-27B,STOP-010,42,Clear,5,15,1,Moderate
2026-08-22 18:50:00,R-M70,STOP-003,75,Clear,5,18,1,Severe
2026-08-22 21:10:00,R-5B,STOP-007,31,Rainy,5,21,1,Low
2026-08-23 00:30:00,R-570,STOP-010,18,Rainy,6,0,1,Low
2026-08-23 03:09:00,R-M70,STOP-017,18,Sunny,6,3,1,Low
2026-08-23 06:30:00,R-29C,STOP-005,25,Cloudy,6,6,1,Low
2026-08-23 09:14:00,R-570S,STOP-016,120,Clear,6,9,1,Heavy
2026-08-23 12:00:00,R-102,STOP-015,70,Sunny,6,12,1,Moderate
2026-08-23 15:25:00,R-A1,STOP-005,46,Rainy,6,15,1,Low
2026-08-23 18:00:00,R-70,STOP-019,130,Rainy,6,18,1,Severe
2026-08-23 21:48:00,R-70,STOP-012,15,Rainy,6,21,1,Low
2026-08-24 00:37:00,R-570,STOP-012,42,Rainy,0,0,0,Low
2026-08-24 03:04:00,R-29C,STOP-002,18,Cloudy,0,3,0,Low
2026-08-24 06:08:00,R-102,STOP-016,19,Sunny,0,6,0,Low
2026-08-24 09:22:00,R-29C,STOP-018,112,Cloudy,0,9,0,Heavy
2026-08-24 12:36:00,R-5B,STOP-015,47,Clear,0,12,0,Moderate
2026-08-24 15:59:00,R-M70,STOP-008,36,Sunny,0,15,0,Low
2026-08-24 18:43:00,R-70,STOP-001,124,Cloudy,0,18,0,Severe
2026-08-24 21:49:00,R-D51,STOP-004,25,Cloudy,0,21,0,Low
2026-08-25 00:25:00,R-27B,STOP-010,16,Cloudy,1,0,0,Low
2026-08-25 03:28:00,R-25G,STOP-008,31,Rainy,1,3,0,Low
2026-08-25 06:12:00,R-27B,STOP-001,26,Sunny,1,6,0,Low
2026-08-25 09:47:00,R-102,STOP-008,122,Cloudy,1,9,0,Heavy
2026-08-25 12:59:00,R-21G,STOP-017,58,Clear,1,12,0,Low
2026-08-25 15:54:00,R-70,STOP-002,76,Rainy,1,15,0,Low
2026-08-25 18:35:00,R-45B,STOP-002,147,Rainy,1,18,0,Severe
2026-08-25 21:58:00,R-12B,STOP-015,11,Clear,1,21,0,Low
2026-08-26 00:06:00,R-11G,STOP-005,20,Cloudy,2,0,0,Low
2026-08-26 03:23:00,R-21G,STOP-013,23,Clear,2,3,0,Low
2026-08-26 06:07:00,R-70,STOP-015,12,Clear,2,6,0,Low
2026-08-26 09:56:00,R-11G,STOP-012,106,Sunny,2,9,0,Severe
2026-08-26 12:02:00,R-21G,STOP-010,72,Rainy,2,12,0,Moderate
2026-08-26 15:17:00,R-21G,STOP-014,67,Rainy,2,15,0,Moderate
2026-08-26 18:40:00,R-18B,STOP-004,129,Clear,2,18,0,Severe
2026-08-26 21:56:00,R-47,STOP-003,47,Rainy,2,21,0,Low
2026-08-27 00:19:00,R-M70,STOP-020,25,Cloudy,3,0,0,Low
2026-08-27 03:31:00,R-29C,STOP-014,37,Rainy,3,3,0,Low
2026-08-27 06:18:00,R-5B,STOP-011,20,Rainy,3,6,0,Low
2026-08-27 09:35:00,R-47,STOP-018,130,Clear,3,9,0,Heavy
2026-08-27 12:20:00,R-25G,STOP-014,41,Sunny,3,12,0,Moderate
2026-08-27 15:22:00,R-21G,STOP-004,55,Sunny,3,15,0,Moderate
2026-08-27 18:22:00,R-45B,STOP-018,118,Sunny,3,18,0,Severe
2026-08-27 21:21:00,R-45B,STOP-004,15,Cloudy,3,21,0,Low
2026-08-28 00:08:00,R-18B,STOP-015,28,Cloudy,4,0,0,Low
2026-08-28 03:41:00,R-M70,STOP-009,20,Clear,4,3,0,Low
2026-08-28 06:00:00,R-45B,STOP-001,26,Cloudy,4,6,0,Low
2026-08-28 09:08:00,R-D51,STOP-008,123,Rainy,4,9,0,Severe
2026-08-28 12:05:00,R-102,STOP-008,54,Clear,4,12,0,Moderate
2026-08-28 15:50:00,R-102,STOP-017,82,Rainy,4,15,0,Moderate
2026-08-28 18:44:00,R-27B,STOP-013,165,Rainy,4,18,0,Heavy
2026-08-28 21:40:00,R-70V,STOP-020,36,Clear,4,21,0,Low
2026-08-29 00:03:00,R-29C,STOP-004,47,Rainy,5,0,1,Low
2026-08-29 03:33:00,R-A1,STOP-006,18,Rainy,5,3,1,Low
2026-08-29 06:42:00,R-5B,STOP-009,31,Clear,5,6,1,Low
2026-08-29 09:38:00,R-M70,STOP-001,128,Cloudy,5,9,1,Severe
2026-08-29 12:08:00,R-D51,STOP-005,38,Cloudy,5,12,1,Low
2026-08-29 15:47:00,R-25G,STOP-001,45,Sunny,5,15,1,Moderate
2026-08-29 18:55:00,R-27B,STOP-016,106,Rainy,5,18,1,Heavy
2026-08-29 21:55:00,R-102,STOP-008,42,Rainy,5,21,1,Low
2026-08-30 00:58:00,R-25G,STOP-012,20,Cloudy,6,0,1,Low
2026-08-30 03:01:00,R-A1,STOP-003,10,Clear,6,3,1,Low
2026-08-30 06:26:00,R-70,STOP-018,23,Sunny,6,6,1,Low
2026-08-30 09:59:00,R-88K,STOP-014,77,Clear,6,9,1,Severe
2026-08-30 12:50:00,R-70,STOP-002,52,Sunny,6,12,1,Moderate
2026-08-30 15:48:00,R-47,STOP-005,53,Rainy,6,15,1,Low
2026-08-30 18:58:00,R-570,STOP-016,153,Rainy,6,18,1,Heavy
2026-08-30 21:07:00,R-M70,STOP-005,40,Cloudy,6,21,1,Low
2026-08-31 00:19:00,R-102,STOP-004,13,Rainy,0,0,1,Low
2026-08-31 03:51:00,R-21G,STOP-019,20,Rainy,0,3,0,Low
2026-08-31 06:17:00,R-M70,STOP-013,28,Sunny,0,6,0,Low
2026-08-31 09:17:00,R-18B,STOP-006,109,Clear,0,9,0,Severe
2026-08-31 12:45:00,R-45B,STOP-014,77,Rainy,0,12,0,Moderate
2026-08-31 15:55:00,R-11G,STOP-003,37,Clear,0,15,0,Moderate
2026-08-31 18:06:00,R-21G,STOP-016,103,Rainy,0,18,0,Severe
2026-08-31 21:55:00,R-570S,STOP-006,23,Rainy,0,21,0,Low
2026-09-01 00:57:00,R-570,STOP-004,30,Rainy,1,0,0,Low
2026-09-01 03:39:00,R-170X,STOP-005,37,Sunny,1,3,0,Low
2026-09-01 06:40:00,R-70V,STOP-019,37,Rainy,1,6,0,Low
2026-09-01 09:30:00,R-5B,STOP-020,127,Sunny,1,9,1,Heavy
2026-09-01 12:08:00,R-25G,STOP-020,66,Cloudy,1,12,0,Low
2026-09-01 15:56:00,R-25G,STOP-006,51,Sunny,1,15,0,Low
2026-09-01 18:02:00,R-5B,STOP-014,97,Sunny,1,18,0,Severe
2026-09-01 21:07:00,R-25G,STOP-001,15,Rainy,1,21,0,Low
2026-09-02 00:56:00,R-21G,STOP-020,23,Rainy,2,0,0,Low
2026-09-02 03:40:00,R-D51,STOP-014,12,Sunny,2,3,0,Low
2026-09-02 06:49:00,R-170X,STOP-003,31,Cloudy,2,6,0,Low
2026-09-02 09:46:00,R-102,STOP-007,129,Sunny,2,9,0,Heavy
2026-09-02 12:16:00,R-A1,STOP-020,49,Sunny,2,12,0,Moderate
2026-09-02 15:39:00,R-88K,STOP-001,71,Rainy,2,15,0,Moderate
2026-09-02 18:12:00,R-570,STOP-001,77,Sunny,2,18,0,Heavy
2026-09-02 21:29:00,R-A1,STOP-013,27,Sunny,2,21,0,Low
2026-09-03 00:51:00,R-45B,STOP-002,15,Rainy,3,0,0,Low
2026-09-03 03:50:00,R-70,STOP-001,19,Clear,3,3,0,Low
2026-09-03 06:43:00,R-25G,STOP-002,15,Sunny,3,6,0,Low
2026-09-03 09:28:00,R-29C,STOP-002,103,Sunny,3,9,0,Severe
2026-09-03 12:01:00,R-18B,STOP-019,51,Rainy,3,12,0,Moderate
2026-09-03 15:10:00,R-A1,STOP-020,87,Rainy,3,15,0,Moderate
2026-09-03 18:22:00,R-170X,STOP-017,128,Sunny,3,18,0,Heavy
2026-09-03 21:33:00,R-102,STOP-012,17,Rainy,3,21,0,Low
2026-09-04 00:54:00,R-11G,STOP-019,24,Cloudy,4,0,0,Low
2026-09-04 03:45:00,R-88K,STOP-012,29,Cloudy,4,3,0,Low
2026-09-04 06:07:00,R-M70,STOP-012,12,Sunny,4,6,0,Low
2026-09-04 09:57:00,R-47,STOP-017,100,Sunny,4,9,0,Severe
2026-09-04 12:05:00,R-12B,STOP-015,80,Rainy,4,12,1,Moderate
2026-09-04 15:00:00,R-570,STOP-012,37,Sunny,4,15,0,Moderate
2026-09-04 18:40:00,R-25G,STOP-015,163,Rainy,4,18,0,Heavy
2026-09-04 21:41:00,R-29C,STOP-004,24,Clear,4,21,0,Low
2026-09-05 00:05:00,R-29C,STOP-014,17,Sunny,5,0,1,Low
2026-09-05 03:54:00,R-570,STOP-003,24,Sunny,5,3,1,Low
2026-09-05 06:29:00,R-88K,STOP-013,47,Rainy,5,6,1,Low
2026-09-05 09:18:00,R-21G,STOP-012,121,Sunny,5,9,1,Heavy
2026-09-05 12:56:00,R-29C,STOP-014,50,Clear,5,12,1,Low
2026-09-05 15:21:00,R-5B,STOP-007,37,Clear,5,15,1,Low
2026-09-05 18:47:00,R-29C,STOP-006,139,Clear,5,18,1,Heavy
2026-09-05 21:37:00,R-25G,STOP-015,22,Sunny,5,21,1,Low
2026-09-06 00:29:00,R-12B,STOP-007,10,Cloudy,6,0,1,Low
2026-09-06 03:03:00,R-102,STOP-012,38,Sunny,6,3,1,Low
2026-09-06 06:33:00,R-18B,STOP-012,36,Cloudy,6,6,1,Low
2026-09-06 09:49:00,R-12B,STOP-018,123,Clear,6,9,1,Severe
2026-09-06 12:53:00,R-21G,STOP-008,61,Clear,6,12,1,Moderate
2026-09-06 15:18:00,R-45B,STOP-010,43,Cloudy,6,15,1,Moderate
2026-09-06 18:20:00,R-570S,STOP-010,109,Clear,6,18,1,Severe
2026-09-06 21:01:00,R-12B,STOP-019,35,Cloudy,6,21,1,Low
2026-09-07 00:04:00,R-11G,STOP-007,29,Sunny,0,0,0,Low
2026-09-07 03:05:00,R-570,STOP-010,22,Rainy,0,3,0,Low
2026-09-07 06:13:00,R-70,STOP-016,31,Rainy,0,6,0,Low
2026-09-07 09:33:00,R-570S,STOP-018,119,Clear,0,9,1,Severe
2026-09-07 12:26:00,R-70,STOP-017,69,Sunny,0,12,0,Low
2026-09-07 15:45:00,R-25G,STOP-004,35,Cloudy,0,15,0,Low
2026-09-07 18:47:00,R-88K,STOP-006,168,Rainy,0,18,0,Severe
2026-09-07 21:29:00,R-21G,STOP-006,50,Rainy,0,21,1,Low
2026-09-08 00:42:00,R-21G,STOP-015,37,Sunny,1,0,0,Low
2026-09-08 03:58:00,R-47,STOP-010,35,Cloudy,1,3,0,Low
2026-09-08 06:58:00,R-A1,STOP-015,26,Cloudy,1,6,0,Low
2026-09-08 09:31:00,R-25G,STOP-003,101,Cloudy,1,9,0,Heavy
2026-09-08 12:29:00,R-70V,STOP-009,52,Rainy,1,12,0,Low
2026-09-08 15:44:00,R-12B,STOP-005,52,Sunny,1,15,0,Moderate
2026-09-08 18:51:00,R-D51,STOP-017,81,Sunny,1,18,0,Severe
2026-09-08 21:53:00,R-D51,STOP-010,13,Rainy,1,21,0,Low
2026-09-09 00:44:00,R-A1,STOP-011,31,Sunny,2,0,0,Low
2026-09-09 03:45:00,R-570S,STOP-014,39,Sunny,2,3,0,Low
2026-09-09 06:41:00,R-70V,STOP-013,17,Cloudy,2,6,0,Low
2026-09-09 09:58:00,R-70V,STOP-018,137,Clear,2,9,0,Severe
2026-09-09 12:58:00,R-25G,STOP-015,39,Cloudy,2,12,0,Low
2026-09-09 15:41:00,R-45B,STOP-003,48,Clear,2,15,1,Low
2026-09-09 18:13:00,R-5B,STOP-004,153,Rainy,2,18,0,Heavy
2026-09-09 21:26:00,R-29C,STOP-016,43,Rainy,2,21,0,Low
2026-09-10 00:10:00,R-88K,STOP-004,35,Clear,3,0,0,Low
2026-09-10 03:06:00,R-25G,STOP-005,25,Cloudy,3,3,1,Low
2026-09-10 06:30:00,R-27B,STOP-006,26,Clear,3,6,1,Low
2026-09-10 09:41:00,R-570S,STOP-005,167,Rainy,3,9,0,Heavy
2026-09-10 12:38:00,R-570S,STOP-019,54,Clear,3,12,0,Low
2026-09-10 15:11:00,R-170X,STOP-015,83,Rainy,3,15,0,Moderate
2026-09-10 18:55:00,R-70,STOP-012,134,Sunny,3,18,0,Severe
2026-09-10 21:31:00,R-29C,STOP-008,22,Sunny,3,21,0,Low
2026-09-11 00:01:00,R-70,STOP-019,34,Sunny,4,0,0,Low
2026-09-11 03:26:00,R-29C,STOP-009,32,Cloudy,4,3,0,Low
2026-09-11 06:43:00,R-12B,STOP-004,20,Rainy,4,6,0,Low
2026-09-11 09:22:00,R-88K,STOP-006,75,Sunny,4,9,0,Heavy
2026-09-11 12:19:00,R-170X,STOP-006,47,Sunny,4,12,0,Low
2026-09-11 15:47:00,R-25G,STOP-011,69,Sunny,4,15,0,Low
2026-09-11 18:57:00,R-102,STOP-006,100,Sunny,4,18,0,Severe
2026-09-11 21:43:00,R-102,STOP-003,14,Clear,4,21,0,Low
2026-09-12 00:14:00,R-45B,STOP-019,39,Clear,5,0,1,Low
2026-09-12 03:29:00,R-570,STOP-015,20,Sunny,5,3,1,Low
2026-09-12 06:22:00,R-27B,STOP-016,18,Rainy,5,6,1,Low
2026-09-12 09:27:00,R-5B,STOP-012,135,Sunny,5,9,1,Severe
2026-09-12 12:37:00,R-70V,STOP-001,55,Clear,5,12,1,Moderate
2026-09-12 15:35:00,R-M70,STOP-001,82,Rainy,5,15,1,Low
2026-09-12 18:15:00,R-A1,STOP-016,117,Sunny,5,18,1,Severe
2026-09-12 21:55:00,R-570S,STOP-012,21,Sunny,5,21,1,Low
2026-09-13 00:50:00,R-D51,STOP-009,24,Clear,6,0,1,Low
2026-09-13 03:27:00,R-11G,STOP-008,36,Sunny,6,3,1,Low
2026-09-13 06:01:00,R-5B,STOP-003,39,Sunny,6,6,1,Low
2026-09-13 09:54:00,R-570,STOP-008,125,Cloudy,6,9,1,Heavy
2026-09-13 12:39:00,R-11G,STOP-013,68,Sunny,6,12,1,Low
2026-09-13 15:50:00,R-570,STOP-004,49,Clear,6,15,1,Moderate
2026-09-13 18:14:00,R-70,STOP-020,140,Cloudy,6,18,1,Heavy
2026-09-13 21:45:00,R-5B,STOP-003,37,Rainy,6,21,1,Low
2026-09-14 00:51:00,R-5B,STOP-019,32,Cloudy,0,0,1,Low
2026-09-14 03:28:00,R-12B,STOP-019,48,Rainy,0,3,0,Low
2026-09-14 06:47:00,R-21G,STOP-001,38,Cloudy,0,6,0,Low
2026-09-14 09:58:00,R-M70,STOP-008,126,Cloudy,0,9,0,Heavy
2026-09-14 12:35:00,R-M70,STOP-015,48,Sunny,0,12,0,Moderate
2026-09-14 15:00:00,R-21G,STOP-017,61,Cloudy,0,15,0,Moderate
2026-09-14 18:35:00,R-70V,STOP-005,93,Cloudy,0,18,0,Heavy
2026-09-14 21:03:00,R-18B,STOP-016,41,Rainy,0,21,0,Low
2026-09-15 00:14:00,R-88K,STOP-013,10,Sunny,1,0,0,Low
2026-09-15 03:47:00,R-11G,STOP-011,29,Cloudy,1,3,0,Low
2026-09-15 06:54:00,R-18B,STOP-012,39,Clear,1,6,0,Low
2026-09-15 09:01:00,R-70V,STOP-008,102,Cloudy,1,9,0,Severe
2026-09-15 12:50:00,R-570S,STOP-001,50,Rainy,1,12,0,Low
2026-09-15 15:38:00,R-170X,STOP-016,83,Rainy,1,15,0,Low
2026-09-15 18:29:00,R-M70,STOP-003,85,Cloudy,1,18,0,Heavy
2026-09-15 21:44:00,R-70,STOP-011,22,Clear,1,21,0,Low
2026-09-16 00:55:00,R-88K,STOP-017,16,Sunny,2,0,0,Low
2026-09-16 03:28:00,R-18B,STOP-011,42,Rainy,2,3,0,Low
2026-09-16 06:02:00,R-29C,STOP-016,32,Sunny,2,6,0,Low
2026-09-16 09:15:00,R-47,STOP-003,124,Clear,2,9,0,Severe
2026-09-16 12:43:00,R-70V,STOP-008,77,Rainy,2,12,0,Moderate
2026-09-16 15:15:00,R-29C,STOP-015,86,Rainy,2,15,0,Moderate
2026-09-16 18:59:00,R-A1,STOP-010,136,Rainy,2,18,0,Severe
2026-09-16 21:28:00,R-29C,STOP-003,38,Rainy,2,21,0,Low
2026-09-17 00:35:00,R-18B,STOP-002,40,Clear,3,0,0,Low
2026-09-17 03:29:00,R-11G,STOP-007,16,Cloudy,3,3,0,Low
2026-09-17 06:18:00,R-D51,STOP-005,35,Clear,3,6,0,Low
2026-09-17 09:39:00,R-47,STOP-014,77,Cloudy,3,9,0,Severe
2026-09-17 12:52:00,R-570,STOP-011,46,Sunny,3,12,0,Low
2026-09-17 15:38:00,R-M70,STOP-014,55,Sunny,3,15,1,Moderate
2026-09-17 18:51:00,R-D51,STOP-016,97,Clear,3,18,0,Heavy
2026-09-17 21:27:00,R-570,STOP-016,30,Clear,3,21,1,Low
2026-09-18 00:21:00,R-70,STOP-017,24,Clear,4,0,0,Low
2026-09-18 03:51:00,R-170X,STOP-002,39,Clear,4,3,0,Low
2026-09-18 06:05:00,R-A1,STOP-015,31,Clear,4,6,0,Low
2026-09-18 09:00:00,R-47,STOP-007,165,Rainy,4,9,0,Heavy
2026-09-18 12:28:00,R-5B,STOP-010,36,Clear,4,12,0,Moderate
2026-09-18 15:23:00,R-102,STOP-009,64,Cloudy,4,15,0,Low
2026-09-18 18:07:00,R-11G,STOP-012,115,Clear,4,18,0,Heavy
2026-09-18 21:51:00,R-170X,STOP-011,32,Cloudy,4,21,0,Low
2026-09-19 00:32:00,R-88K,STOP-007,15,Sunny,5,0,1,Low
2026-09-19 03:04:00,R-21G,STOP-004,14,Sunny,5,3,1,Low
2026-09-19 06:22:00,R-21G,STOP-002,39,Cloudy,5,6,1,Low
2026-09-19 09:47:00,R-570S,STOP-019,125,Cloudy,5,9,1,Severe
2026-09-19 12:07:00,R-21G,STOP-004,47,Cloudy,5,12,1,Moderate
2026-09-19 15:29:00,R-88K,STOP-003,50,Rainy,5,15,1,Moderate
2026-09-19 18:58:00,R-18B,STOP-016,109,Cloudy,5,18,1,Severe
2026-09-19 21:39:00,R-D51,STOP-004,11,Cloudy,5,21,1,Low
2026-09-20 00:21:00,R-88K,STOP-005,50,Rainy,6,0,1,Low
2026-09-20 03:16:00,R-47,STOP-016,31,Clear,6,3,1,Low
2026-09-20 06:16:00,R-D51,STOP-012,21,Sunny,6,6,1,Low
2026-09-20 09:15:00,R-570,STOP-019,111,Sunny,6,9,1,Heavy
2026-09-20 12:36:00,R-25G,STOP-016,44,Clear,6,12,1,Low
2026-09-20 15:04:00,R-70V,STOP-012,53,Rainy,6,15,1,Moderate
2026-09-20 18:39:00,R-570,STOP-014,104,Sunny,6,18,1,Heavy
2026-09-20 21:20:00,R-D51,STOP-008,11,Cloudy,6,21,1,Low
2026-09-21 00:08:00,R-29C,STOP-006,33,Rainy,0,0,0,Low
2026-09-21 03:05:00,R-18B,STOP-003,33,Rainy,0,3,0,Low
2026-09-21 06:26:00,R-70,STOP-007,12,Clear,0,6,0,Low
2026-09-21 09:08:00,R-45B,STOP-007,99,Clear,0,9,0,Severe
2026-09-21 12:24:00,R-45B,STOP-004,51,Rainy,0,12,0,Moderate
2026-09-21 15:40:00,R-25G,STOP-009,59,Sunny,0,15,0,Moderate
2026-09-21 18:27:00,R-88K,STOP-008,104,Sunny,0,18,0,Severe
2026-09-21 21:47:00,R-11G,STOP-001,33,Cloudy,0,21,0,Low
2026-09-22 00:42:00,R-27B,STOP-014,36,Clear,1,0,0,Low
2026-09-22 03:00:00,R-27B,STOP-009,39,Clear,1,3,0,Low
2026-09-22 06:55:00,R-27B,STOP-008,43,Rainy,1,6,0,Low
2026-09-22 09:25:00,R-A1,STOP-007,131,Rainy,1,9,0,Heavy
2026-09-22 12:27:00,R-45B,STOP-020,62,Cloudy,1,12,0,Low
2026-09-22 15:22:00,R-170X,STOP-020,68,Rainy,1,15,0,Moderate
2026-09-22 18:25:00,R-570,STOP-001,114,Cloudy,1,18,0,Severe
2026-09-22 21:42:00,R-A1,STOP-019,47,Rainy,1,21,0,Low
2026-09-23 00:33:00,R-170X,STOP-009,38,Clear,2,0,0,Low
2026-09-23 03:08:00,R-12B,STOP-017,25,Sunny,2,3,0,Low
2026-09-23 06:42:00,R-5B,STOP-005,30,Rainy,2,6,0,Low
2026-09-23 09:01:00,R-570,STOP-004,102,Sunny,2,9,0,Severe
2026-09-23 12:07:00,R-45B,STOP-010,61,Sunny,2,12,0,Moderate
2026-09-23 15:00:00,R-45B,STOP-007,66,Rainy,2,15,1,Low
2026-09-23 18:46:00,R-570S,STOP-016,117,Cloudy,2,18,0,Heavy
2026-09-23 21:55:00,R-18B,STOP-004,30,Rainy,2,21,0,Low
2026-09-24 00:59:00,R-21G,STOP-001,16,Clear,3,0,0,Low
2026-09-24 03:39:00,R-11G,STOP-016,29,Sunny,3,3,0,Low
2026-09-24 06:28:00,R-29C,STOP-001,12,Sunny,3,6,0,Low
2026-09-24 09:33:00,R-47,STOP-008,116,Clear,3,9,0,Severe
2026-09-24 12:20:00,R-170X,STOP-020,54,Clear,3,12,0,Moderate
2026-09-24 15:42:00,R-47,STOP-006,43,Sunny,3,15,0,Moderate
2026-09-24 18:25:00,R-88K,STOP-007,127,Clear,3,18,0,Severe
2026-09-24 21:29:00,R-D51,STOP-009,36,Sunny,3,21,0,Low
2026-09-25 00:25:00,R-70,STOP-016,39,Sunny,4,0,0,Low
2026-09-25 03:37:00,R-88K,STOP-013,20,Clear,4,3,0,Low
2026-09-25 06:24:00,R-570,STOP-011,29,Clear,4,6,0,Low
2026-09-25 09:44:00,R-47,STOP-011,108,Sunny,4,9,0,Heavy
2026-09-25 12:35:00,R-D51,STOP-014,43,Sunny,4,12,0,Moderate
2026-09-25 15:04:00,R-570,STOP-001,48,Clear,4,15,0,Low
2026-09-25 18:52:00,R-A1,STOP-011,137,Rainy,4,18,0,Heavy
2026-09-25 21:38:00,R-45B,STOP-014,24,Clear,4,21,0,Low
2026-09-26 00:11:00,R-D51,STOP-020,23,Sunny,5,0,1,Low
2026-09-26 03:57:00,R-18B,STOP-014,30,Rainy,5,3,1,Low
2026-09-26 06:49:00,R-27B,STOP-008,27,Sunny,5,6,1,Low
2026-09-26 09:46:00,R-47,STOP-008,128,Clear,5,9,1,Heavy
2026-09-26 12:18:00,R-25G,STOP-013,48,Rainy,5,12,1,Low
2026-09-26 15:53:00,R-570,STOP-019,45,Cloudy,5,15,1,Moderate
2026-09-26 18:12:00,R-5B,STOP-010,92,Sunny,5,18,1,Severe
2026-09-26 21:59:00,R-A1,STOP-019,26,Rainy,5,21,1,Low
2026-09-27 00:28:00,R-5B,STOP-013,22,Rainy,6,0,1,Low
2026-09-27 03:31:00,R-88K,STOP-019,25,Clear,6,3,1,Low
2026-09-27 06:30:00,R-18B,STOP-016,37,Clear,6,6,1,Low
2026-09-27 09:14:00,R-12B,STOP-015,137,Sunny,6,9,1,Heavy
2026-09-27 12:52:00,R-170X,STOP-019,72,Rainy,6,12,1,Low
2026-09-27 15:56:00,R-570S,STOP-001,47,Rainy,6,15,1,Moderate
2026-09-27 18:50:00,R-18B,STOP-013,123,Rainy,6,18,1,Heavy
2026-09-27 21:06:00,R-27B,STOP-009,27,Rainy,6,21,1,Low
2026-09-28 00:26:00,R-170X,STOP-001,37,Sunny,0,0,1,Low
2026-09-28 03:25:00,R-47,STOP-013,33,Clear,0,3,0,Low
2026-09-28 06:58:00,R-A1,STOP-001,17,Sunny,0,6,0,Low
2026-09-28 09:23:00,R-5B,STOP-003,92,Sunny,0,9,0,Heavy
2026-09-28 12:50:00,R-47,STOP-012,51,Sunny,0,12,0,Low
2026-09-28 15:57:00,R-170X,STOP-014,42,Sunny,0,15,1,Low
2026-09-28 18:36:00,R-70V,STOP-018,108,Sunny,0,18,0,Severe
2026-09-28 21:51:00,R-102,STOP-010,39,Sunny,0,21,0,Low
2026-09-29 00:21:00,R-25G,STOP-011,37,Rainy,1,0,0,Low
2026-09-29 03:44:00,R-5B,STOP-005,13,Sunny,1,3,0,Low
2026-09-29 06:46:00,R-A1,STOP-017,18,Clear,1,6,1,Low
2026-09-29 09:07:00,R-18B,STOP-005,76,Cloudy,1,9,0,Severe
2026-09-29 12:04:00,R-45B,STOP-007,44,Sunny,1,12,0,Low
2026-09-29 15:35:00,R-25G,STOP-015,65,Sunny,1,15,0,Low
2026-09-29 18:42:00,R-25G,STOP-002,75,Clear,1,18,0,Severe
2026-09-29 21:07:00,R-170X,STOP-012,17,Rainy,1,21,0,Low
2026-09-30 00:05:00,R-25G,STOP-015,17,Clear,2,0,0,Low
2026-09-30 03:37:00,R-25G,STOP-018,25,Clear,2,3,0,Low
2026-09-30 06:43:00,R-12B,STOP-004,23,Cloudy,2,6,0,Low
2026-09-30 09:20:00,R-27B,STOP-012,153,Rainy,2,9,0,Heavy
2026-09-30 12:24:00,R-27B,STOP-020,50,Clear,2,12,0,Low
2026-09-30 15:41:00,R-70,STOP-019,40,Clear,2,15,0,Moderate
2026-09-30 18:27:00,R-D51,STOP-016,91,Cloudy,2,18,0,Heavy
2026-09-30 21:05:00,R-27B,STOP-014,39,Sunny,2,21,0,Low
2026-10-01 00:55:00,R-25G,STOP-002,36,Sunny,3,0,0,Low
2026-10-01 03:41:00,R-5B,STOP-007,25,Clear,3,3,0,Low
2026-10-01 06:57:00,R-570,STOP-002,20,Rainy,3,6,0,Low
2026-10-01 09:10:00,R-A1,STOP-016,125,Cloudy,3,9,0,Heavy
2026-10-01 12:45:00,R-88K,STOP-019,44,Clear,3,12,0,Moderate
2026-10-01 15:02:00,R-12B,STOP-013,68,Cloudy,3,15,1,Moderate
2026-10-01 18:00:00,R-18B,STOP-001,88,Cloudy,3,18,0,Heavy
2026-10-01 21:38:00,R-18B,STOP-001,26,Clear,3,21,0,Low
2026-10-02 00:20:00,R-88K,STOP-011,25,Rainy,4,0,0,Low
2026-10-02 03:14:00,R-25G,STOP-011,21,Cloudy,4,3,0,Low
2026-10-02 06:06:00,R-12B,STOP-005,24,Cloudy,4,6,0,Low
2026-10-02 09:22:00,R-70,STOP-010,95,Rainy,4,9,0,Severe
2026-10-02 12:29:00,R-570S,STOP-014,53,Clear,4,12,0,Low
2026-10-02 15:32:00,R-88K,STOP-019,58,Sunny,4,15,0,Moderate
2026-10-02 18:42:00,R-170X,STOP-002,124,Sunny,4,18,0,Severe
2026-10-02 21:14:00,R-25G,STOP-018,28,Sunny,4,21,0,Low
2026-10-03 00:30:00,R-18B,STOP-010,10,Clear,5,0,1,Low
2026-10-03 03:36:00,R-25G,STOP-017,33,Clear,5,3,1,Low
2026-10-03 06:18:00,R-570,STOP-012,12,Rainy,5,6,1,Low
2026-10-03 09:29:00,R-47,STOP-016,91,Clear,5,9,1,Severe
2026-10-03 12:13:00,R-45B,STOP-011,37,Sunny,5,12,1,Moderate
2026-10-03 15:28:00,R-11G,STOP-018,58,Clear,5,15,1,Low
2026-10-03 18:15:00,R-88K,STOP-020,102,Sunny,5,18,1,Heavy
2026-10-03 21:33:00,R-29C,STOP-008,33,Cloudy,5,21,1,Low
2026-10-04 00:00:00,R-170X,STOP-017,25,Clear,6,0,1,Low
2026-10-04 03:22:00,R-70V,STOP-006,29,Cloudy,6,3,1,Low
2026-10-04 06:48:00,R-12B,STOP-008,34,Clear,6,6,1,Low
2026-10-04 09:58:00,R-11G,STOP-010,79,Cloudy,6,9,1,Severe
2026-10-04 12:50:00,R-102,STOP-016,44,Sunny,6,12,1,Moderate
2026-10-04 15:17:00,R-27B,STOP-009,55,Sunny,6,15,1,Moderate
2026-10-04 18:15:00,R-A1,STOP-003,139,Cloudy,6,18,1,Heavy
2026-10-04 21:03:00,R-29C,STOP-006,37,Cloudy,6,21,1,Low
2026-10-05 00:34:00,R-70V,STOP-001,35,Cloudy,0,0,0,Low
2026-10-05 03:04:00,R-18B,STOP-013,39,Sunny,0,3,0,Low
2026-10-05 06:40:00,R-27B,STOP-004,22,Sunny,0,6,0,Low
2026-10-05 09:08:00,R-570,STOP-019,125,Clear,0,9,0,Severe
2026-10-05 12:02:00,R-M70,STOP-004,43,Cloudy,0,12,0,Moderate
2026-10-05 15:58:00,R-12B,STOP-011,48,Clear,0,15,0,Moderate
2026-10-05 18:37:00,R-D51,STOP-012,76,Cloudy,0,18,0,Heavy
2026-10-05 21:25:00,R-45B,STOP-002,41,Rainy,0,21,0,Low
2026-10-06 00:18:00,R-170X,STOP-008,30,Cloudy,1,0,0,Low
2026-10-06 03:46:00,R-12B,STOP-007,28,Cloudy,1,3,0,Low
2026-10-06 06:51:00,R-12B,STOP-014,15,Rainy,1,6,0,Low
2026-10-06 09:22:00,R-45B,STOP-017,122,Clear,1,9,0,Severe
2026-10-06 12:52:00,R-25G,STOP-010,63,Sunny,1,12,0,Moderate
2026-10-06 15:41:00,R-27B,STOP-006,56,Cloudy,1,15,0,Moderate
2026-10-06 18:14:00,R-12B,STOP-010,130,Cloudy,1,18,0,Severe
2026-10-06 21:46:00,R-70V,STOP-003,33,Clear,1,21,0,Low
2026-10-07 00:37:00,R-70,STOP-012,27,Rainy,2,0,0,Low
2026-10-07 03:35:00,R-70,STOP-015,36,Rainy,2,3,0,Low
2026-10-07 06:18:00,R-D51,STOP-015,28,Clear,2,6,0,Low
2026-10-07 09:56:00,R-570,STOP-016,91,Sunny,2,9,0,Severe
2026-10-07 12:51:00,R-29C,STOP-009,63,Rainy,2,12,0,Low
2026-10-07 15:59:00,R-70,STOP-009,57,Sunny,2,15,0,Moderate
2026-10-07 18:06:00,R-170X,STOP-003,163,Rainy,2,18,0,Heavy
2026-10-07 21:06:00,R-21G,STOP-012,36,Clear,2,21,0,Low
2026-10-08 00:16:00,R-A1,STOP-015,33,Rainy,3,0,0,Low
2026-10-08 03:14:00,R-29C,STOP-013,33,Sunny,3,3,0,Low
2026-10-08 06:55:00,R-570S,STOP-013,36,Sunny,3,6,0,Low
2026-10-08 09:37:00,R-102,STOP-009,130,Rainy,3,9,0,Heavy
2026-10-08 12:17:00,R-88K,STOP-006,53,Rainy,3,12,0,Moderate
2026-10-08 15:31:00,R-170X,STOP-013,51,Sunny,3,15,0,Moderate
2026-10-08 18:18:00,R-M70,STOP-020,112,Sunny,3,18,0,Heavy
2026-10-08 21:53:00,R-102,STOP-015,31,Rainy,3,21,0,Low
2026-10-09 00:31:00,R-5B,STOP-018,27,Cloudy,4,0,0,Low
2026-10-09 03:22:00,R-5B,STOP-014,12,Cloudy,4,3,0,Low
2026-10-09 06:27:00,R-29C,STOP-019,31,Clear,4,6,0,Low
2026-10-09 09:10:00,R-A1,STOP-013,114,Cloudy,4,9,0,Heavy
2026-10-09 12:40:00,R-5B,STOP-009,59,Clear,4,12,0,Low
2026-10-09 15:37:00,R-102,STOP-009,57,Sunny,4,15,0,Moderate
2026-10-09 18:33:00,R-5B,STOP-018,95,Rainy,4,18,0,Severe
2026-10-09 21:21:00,R-11G,STOP-001,41,Rainy,4,21,0,Low
2026-10-10 00:12:00,R-M70,STOP-001,24,Clear,5,0,1,Low
2026-10-10 03:31:00,R-570,STOP-007,31,Clear,5,3,1,Low
2026-10-10 06:33:00,R-11G,STOP-012,27,Rainy,5,6,1,Low
2026-10-10 09:09:00,R-D51,STOP-001,132,Cloudy,5,9,1,Severe
2026-10-10 12:25:00,R-70V,STOP-005,55,Sunny,5,12,1,Moderate
2026-10-10 15:08:00,R-88K,STOP-011,52,Clear,5,15,1,Low
2026-10-10 18:52:00,R-70,STOP-011,95,Clear,5,18,1,Severe
2026-10-10 21:41:00,R-170X,STOP-003,29,Clear,5,21,1,Low
2026-10-11 00:46:00,R-570,STOP-012,15,Cloudy,6,0,1,Low
2026-10-11 03:07:00,R-570,STOP-012,19,Cloudy,6,3,1,Low
2026-10-11 06:01:00,R-570,STOP-019,32,Sunny,6,6,1,Low
2026-10-11 09:07:00,R-45B,STOP-019,99,Cloudy,6,9,1,Heavy
2026-10-11 12:59:00,R-M70,STOP-018,67,Cloudy,6,12,1,Moderate
2026-10-11 15:14:00,R-5B,STOP-014,66,Sunny,6,15,1,Low
2026-10-11 18:11:00,R-M70,STOP-002,122,Cloudy,6,18,1,Severe
2026-10-11 21:56:00,R-D51,STOP-008,25,Clear,6,21,1,Low
2026-10-12 00:56:00,R-170X,STOP-009,36,Rainy,0,0,0,Low
2026-10-12 03:45:00,R-70V,STOP-003,13,Rainy,0,3,0,Low
2026-10-12 06:22:00,R-21G,STOP-001,35,Clear,0,6,0,Low
2026-10-12 09:35:00,R-29C,STOP-009,108,Rainy,0,9,1,Severe
2026-10-12 12:23:00,R-11G,STOP-005,61,Clear,0,12,0,Low
2026-10-12 15:25:00,R-45B,STOP-020,50,Clear,0,15,0,Low
2026-10-12 18:55:00,R-70,STOP-020,107,Sunny,0,18,0,Heavy
2026-10-12 21:14:00,R-102,STOP-019,16,Cloudy,0,21,0,Low
2026-10-13 00:59:00,R-27B,STOP-002,21,Clear,1,0,0,Low
2026-10-13 03:17:00,R-D51,STOP-011,32,Rainy,1,3,0,Low
2026-10-13 06:09:00,R-70V,STOP-012,36,Clear,1,6,0,Low
2026-10-13 09:09:00,R-11G,STOP-017,118,Sunny,1,9,0,Heavy
2026-10-13 12:31:00,R-D51,STOP-012,66,Clear,1,12,0,Moderate
2026-10-13 15:55:00,R-27B,STOP-010,51,Cloudy,1,15,0,Low
2026-10-13 18:58:00,R-570S,STOP-011,160,Rainy,1,18,0,Severe
2026-10-13 21:15:00,R-70,STOP-003,14,Cloudy,1,21,0,Low
2026-10-14 00:19:00,R-11G,STOP-004,15,Sunny,2,0,0,Low
2026-10-14 03:12:00,R-27B,STOP-017,34,Clear,2,3,0,Low
2026-10-14 06:35:00,R-570S,STOP-019,20,Rainy,2,6,0,Low
2026-10-14 09:31:00,R-29C,STOP-002,83,Sunny,2,9,0,Heavy
2026-10-14 12:39:00,R-A1,STOP-001,48,Cloudy,2,12,0,Low
2026-10-14 15:49:00,R-5B,STOP-017,83,Rainy,2,15,0,Low
2026-10-14 18:30:00,R-21G,STOP-007,126,Rainy,2,18,0,Severe
2026-10-14 21:46:00,R-11G,STOP-009,23,Sunny,2,21,0,Low
2026-10-15 00:29:00,R-102,STOP-006,39,Clear,3,0,0,Low
2026-10-15 03:18:00,R-25G,STOP-013,16,Rainy,3,3,0,Low
2026-10-15 06:05:00,R-47,STOP-011,20,Sunny,3,6,0,Low
2026-10-15 09:32:00,R-11G,STOP-006,128,Rainy,3,9,0,Heavy
2026-10-15 12:01:00,R-45B,STOP-013,68,Clear,3,12,0,Low
2026-10-15 15:56:00,R-70V,STOP-002,64,Sunny,3,15,0,Moderate
2026-10-15 18:22:00,R-18B,STOP-020,121,Cloudy,3,18,0,Heavy
2026-10-15 21:19:00,R-5B,STOP-017,26,Rainy,3,21,0,Low
2026-10-16 00:07:00,R-70,STOP-001,29,Sunny,4,0,0,Low
2026-10-16 03:57:00,R-M70,STOP-020,28,Sunny,4,3,0,Low
2026-10-16 06:11:00,R-5B,STOP-012,19,Clear,4,6,0,Low
2026-10-16 09:32:00,R-18B,STOP-002,79,Sunny,4,9,0,Heavy
2026-10-16 12:01:00,R-29C,STOP-010,66,Cloudy,4,12,0,Low
2026-10-16 15:30:00,R-29C,STOP-001,69,Cloudy,4,15,0,Low
2026-10-16 18:38:00,R-D51,STOP-018,81,Clear,4,18,0,Heavy
2026-10-16 21:28:00,R-21G,STOP-017,26,Cloudy,4,21,0,Low
2026-10-17 00:27:00,R-18B,STOP-018,19,Sunny,5,0,1,Low
2026-10-17 03:21:00,R-70,STOP-013,27,Rainy,5,3,1,Low
2026-10-17 06:34:00,R-570,STOP-004,27,Sunny,5,6,1,Low
2026-10-17 09:42:00,R-D51,STOP-018,110,Sunny,5,9,1,Severe
2026-10-17 12:37:00,R-5B,STOP-006,61,Sunny,5,12,1,Moderate
2026-10-17 15:11:00,R-88K,STOP-004,63,Sunny,5,15,1,Moderate
2026-10-17 18:02:00,R-29C,STOP-009,101,Cloudy,5,18,1,Heavy
2026-10-17 21:02:00,R-570S,STOP-003,34,Clear,5,21,1,Low
2026-10-18 00:36:00,R-102,STOP-019,20,Clear,6,0,1,Low
2026-10-18 03:53:00,R-88K,STOP-003,38,Rainy,6,3,1,Low
2026-10-18 06:39:00,R-47,STOP-018,11,Cloudy,6,6,1,Low
2026-10-18 09:57:00,R-45B,STOP-011,81,Cloudy,6,9,1,Heavy
2026-10-18 12:41:00,R-27B,STOP-015,37,Clear,6,12,1,Low
2026-10-18 15:05:00,R-27B,STOP-018,65,Cloudy,6,15,1,Moderate
2026-10-18 18:32:00,R-70V,STOP-006,98,Sunny,6,18,1,Heavy
2026-10-18 21:38:00,R-102,STOP-019,22,Rainy,6,21,1,Low
2026-10-19 00:49:00,R-70V,STOP-012,37,Rainy,0,0,0,Low
2026-10-19 03:57:00,R-29C,STOP-003,30,Cloudy,0,3,0,Low
2026-10-19 06:38:00,R-5B,STOP-017,39,Sunny,0,6,0,Low
2026-10-19 09:58:00,R-M70,STOP-010,102,Sunny,0,9,0,Heavy
2026-10-19 12:41:00,R-70V,STOP-009,42,Clear,0,12,0,Moderate
2026-10-19 15:41:00,R-27B,STOP-005,67,Cloudy,0,15,0,Moderate
2026-10-19 18:12:00,R-47,STOP-006,129,Clear,0,18,0,Heavy
2026-10-19 21:11:00,R-170X,STOP-003,18,Clear,0,21,0,Low
2026-10-20 00:52:00,R-570,STOP-008,36,Sunny,1,0,0,Low
2026-10-20 03:17:00,R-570S,STOP-012,26,Cloudy,1,3,0,Low
2026-10-20 06:24:00,R-29C,STOP-010,31,Sunny,1,6,0,Low
2026-10-20 09:46:00,R-27B,STOP-015,80,Cloudy,1,9,1,Severe
2026-10-20 12:40:00,R-70,STOP-011,61,Clear,1,12,0,Low
2026-10-20 15:04:00,R-570S,STOP-012,48,Rainy,1,15,0,Low
2026-10-20 18:27:00,R-M70,STOP-002,124,Clear,1,18,1,Severe
2026-10-20 21:51:00,R-A1,STOP-004,25,Rainy,1,21,0,Low
2026-10-21 00:17:00,R-M70,STOP-006,14,Sunny,2,0,0,Low
2026-10-21 03:05:00,R-5B,STOP-010,42,Rainy,2,3,0,Low
2026-10-21 06:04:00,R-5B,STOP-007,21,Cloudy,2,6,0,Low
2026-10-21 09:12:00,R-27B,STOP-019,114,Clear,2,9,1,Severe
2026-10-21 12:20:00,R-170X,STOP-019,43,Cloudy,2,12,0,Moderate
2026-10-21 15:45:00,R-12B,STOP-017,48,Rainy,2,15,0,Low
2026-10-21 18:20:00,R-25G,STOP-013,131,Rainy,2,18,0,Heavy
2026-10-21 21:07:00,R-21G,STOP-007,10,Cloudy,2,21,0,Low
2026-10-22 00:59:00,R-D51,STOP-014,14,Cloudy,3,0,0,Low
2026-10-22 03:17:00,R-70V,STOP-004,48,Rainy,3,3,0,Low
2026-10-22 06:38:00,R-570S,STOP-015,26,Cloudy,3,6,0,Low
2026-10-22 09:04:00,R-29C,STOP-014,156,Rainy,3,9,0,Heavy
2026-10-22 12:28:00,R-5B,STOP-001,64,Cloudy,3,12,0,Moderate
2026-10-22 15:05:00,R-570,STOP-003,61,Sunny,3,15,0,Low
2026-10-22 18:06:00,R-27B,STOP-003,102,Clear,3,18,1,Severe
2026-10-22 21:42:00,R-12B,STOP-007,46,Rainy,3,21,0,Low
2026-10-23 00:30:00,R-A1,STOP-016,39,Clear,4,0,0,Low
2026-10-23 03:33:00,R-170X,STOP-009,39,Clear,4,3,0,Low
2026-10-23 06:42:00,R-70V,STOP-014,20,Cloudy,4,6,0,Low
2026-10-23 09:21:00,R-12B,STOP-001,113,Sunny,4,9,0,Severe
2026-10-23 12:58:00,R-5B,STOP-011,44,Clear,4,12,0,Moderate
2026-10-23 15:03:00,R-170X,STOP-001,48,Rainy,4,15,0,Low
2026-10-23 18:51:00,R-5B,STOP-014,132,Rainy,4,18,0,Severe
2026-10-23 21:05:00,R-29C,STOP-017,18,Sunny,4,21,0,Low
2026-10-24 00:22:00,R-70,STOP-006,23,Rainy,5,0,1,Low
2026-10-24 03:06:00,R-70V,STOP-009,16,Clear,5,3,1,Low
2026-10-24 06:05:00,R-D51,STOP-008,17,Sunny,5,6,1,Low
2026-10-24 09:22:00,R-D51,STOP-017,137,Clear,5,9,1,Severe
2026-10-24 12:24:00,R-A1,STOP-007,46,Rainy,5,12,1,Low
2026-10-24 15:46:00,R-47,STOP-010,70,Clear,5,15,1,Low
2026-10-24 18:50:00,R-M70,STOP-020,118,Sunny,5,18,1,Severe
2026-10-24 21:36:00,R-11G,STOP-003,47,Rainy,5,21,1,Low
2026-10-25 00:06:00,R-70V,STOP-012,33,Clear,6,0,1,Low
2026-10-25 03:30:00,R-25G,STOP-020,30,Clear,6,3,1,Low
2026-10-25 06:00:00,R-102,STOP-001,21,Sunny,6,6,1,Low
2026-10-25 09:21:00,R-570,STOP-014,95,Clear,6,9,1,Severe
2026-10-25 12:43:00,R-18B,STOP-001,47,Sunny,6,12,1,Low
2026-10-25 15:16:00,R-25G,STOP-009,51,Clear,6,15,1,Moderate
2026-10-25 18:30:00,R-11G,STOP-007,115,Clear,6,18,1,Severe
2026-10-25 21:30:00,R-21G,STOP-013,16,Cloudy,6,21,1,Low
2026-10-26 00:58:00,R-88K,STOP-012,38,Cloudy,0,0,0,Low
2026-10-26 03:48:00,R-170X,STOP-003,33,Clear,0,3,0,Low
2026-10-26 06:48:00,R-45B,STOP-005,20,Sunny,0,6,0,Low
2026-10-26 09:00:00,R-45B,STOP-012,102,Clear,0,9,0,Heavy
2026-10-26 12:44:00,R-12B,STOP-007,49,Cloudy,0,12,0,Moderate
2026-10-26 15:29:00,R-21G,STOP-017,57,Cloudy,0,15,0,Moderate
2026-10-26 18:28:00,R-D51,STOP-020,111,Sunny,0,18,0,Severe
2026-10-26 21:06:00,R-70,STOP-017,35,Cloudy,0,21,0,Low
2026-10-27 00:18:00,R-18B,STOP-012,27,Cloudy,1,0,0,Low
2026-10-27 03:57:00,R-70,STOP-005,22,Clear,1,3,0,Low
2026-10-27 06:40:00,R-70,STOP-020,18,Cloudy,1,6,0,Low
2026-10-27 09:16:00,R-27B,STOP-010,114,Sunny,1,9,0,Heavy
2026-10-27 12:12:00,R-5B,STOP-016,40,Sunny,1,12,0,Moderate
2026-10-27 15:50:00,R-18B,STOP-009,45,Clear,1,15,0,Moderate
2026-10-27 18:34:00,R-21G,STOP-018,152,Rainy,1,18,0,Severe
2026-10-27 21:21:00,R-29C,STOP-007,40,Rainy,1,21,0,Low
2026-10-28 00:20:00,R-11G,STOP-009,18,Sunny,2,0,0,Low
2026-10-28 03:54:00,R-47,STOP-008,28,Cloudy,2,3,0,Low
2026-10-28 06:40:00,R-570,STOP-018,39,Sunny,2,6,0,Low
2026-10-28 09:22:00,R-25G,STOP-014,120,Sunny,2,9,0,Heavy
2026-10-28 12:43:00,R-70,STOP-016,58,Rainy,2,12,0,Moderate
2026-10-28 15:27:00,R-27B,STOP-011,62,Sunny,2,15,0,Moderate
2026-10-28 18:00:00,R-11G,STOP-018,79,Clear,2,18,0,Severe
2026-10-28 21:25:00,R-170X,STOP-001,28,Cloudy,2,21,0,Low
2026-10-29 00:10:00,R-11G,STOP-015,17,Clear,3,0,0,Low
2026-10-29 03:00:00,R-570S,STOP-006,29,Clear,3,3,0,Low
2026-10-29 06:30:00,R-11G,STOP-014,25,Cloudy,3,6,0,Low
2026-10-29 09:23:00,R-88K,STOP-019,113,Sunny,3,9,0,Severe
2026-10-29 12:25:00,R-102,STOP-020,64,Clear,3,12,0,Moderate
2026-10-29 15:44:00,R-170X,STOP-001,73,Rainy,3,15,0,Moderate
2026-10-29 18:35:00,R-27B,STOP-014,95,Rainy,3,18,0,Heavy
2026-10-29 21:40:00,R-88K,STOP-007,42,Rainy,3,21,0,Low
2026-10-30 00:20:00,R-21G,STOP-010,23,Cloudy,4,0,0,Low
2026-10-30 03:06:00,R-70V,STOP-006,14,Clear,4,3,0,Low
2026-10-30 06:31:00,R-M70,STOP-014,25,Sunny,4,6,0,Low
2026-10-30 09:23:00,R-570S,STOP-014,140,Rainy,4,9,1,Severe
2026-10-30 12:08:00,R-70V,STOP-016,76,Rainy,4,12,0,Low
2026-10-30 15:30:00,R-170X,STOP-006,57,Rainy,4,15,0,Moderate
2026-10-30 18:54:00,R-25G,STOP-016,92,Cloudy,4,18,0,Heavy
2026-10-30 21:31:00,R-570,STOP-007,41,Rainy,4,21,1,Low
2026-10-31 00:29:00,R-D51,STOP-008,28,Sunny,5,0,1,Low
2026-10-31 03:53:00,R-11G,STOP-016,17,Clear,5,3,1,Low
2026-10-31 06:23:00,R-170X,STOP-002,23,Rainy,5,6,1,Low
2026-10-31 09:59:00,R-70,STOP-020,90,Clear,5,9,1,Severe
2026-10-31 12:51:00,R-18B,STOP-002,45,Cloudy,5,12,1,Low
2026-10-31 15:21:00,R-25G,STOP-014,66,Sunny,5,15,1,Moderate
2026-10-31 18:29:00,R-A1,STOP-020,126,Cloudy,5,18,1,Severe
2026-10-31 21:08:00,R-21G,STOP-002,21,Sunny,5,21,1,Low
2026-11-01 00:59:00,R-102,STOP-002,22,Rainy,6,0,1,Low
2026-11-01 03:52:00,R-18B,STOP-002,18,Rainy,6,3,1,Low
2026-11-01 06:43:00,R-27B,STOP-004,16,Cloudy,6,6,1,Low
2026-11-01 09:55:00,R-21G,STOP-013,132,Cloudy,6,9,1,Severe
2026-11-01 12:54:00,R-570,STOP-004,85,Rainy,6,12,1,Low
2026-11-01 15:37:00,R-D51,STOP-014,52,Cloudy,6,15,1,Moderate
2026-11-01 18:19:00,R-570S,STOP-012,135,Sunny,6,18,1,Heavy
2026-11-01 21:08:00,R-D51,STOP-006,18,Rainy,6,21,1,Low
2026-11-02 00:32:00,R-D51,STOP-009,20,Clear,0,0,0,Low
2026-11-02 03:16:00,R-70,STOP-005,18,Rainy,0,3,0,Low
2026-11-02 06:18:00,R-5B,STOP-016,20,Cloudy,0,6,0,Low
2026-11-02 09:37:00,R-570S,STOP-004,100,Clear,0,9,0,Heavy
2026-11-02 12:08:00,R-11G,STOP-006,60,Clear,0,12,0,Moderate
2026-11-02 15:13:00,R-21G,STOP-018,46,Sunny,0,15,0,Moderate
2026-11-02 18:19:00,R-45B,STOP-002,168,Rainy,0,18,0,Severe
2026-11-02 21:14:00,R-25G,STOP-015,20,Rainy,0,21,1,Low
